Protein	Protein ID	Entry Name	Gene	Protein Description	input_wtH_mutL Light Intensity	input_wtH_prpfL Light Intensity	input_wtL_mutH Light Intensity	input_wtL_prpfH Light Intensity	input_wtH_mutL Heavy Intensity	input_wtH_prpfL Heavy Intensity	input_wtL_mutH Heavy Intensity	input_wtL_prpfH Heavy Intensity	input_wtH_mutL Light MaxLFQ Intensity	input_wtH_prpfL Light MaxLFQ Intensity	input_wtL_mutH Light MaxLFQ Intensity	input_wtL_prpfH Light MaxLFQ Intensity	input_wtH_mutL Heavy MaxLFQ Intensity	input_wtH_prpfL Heavy MaxLFQ Intensity	input_wtL_mutH Heavy MaxLFQ Intensity	input_wtL_prpfH Heavy MaxLFQ Intensity	input_wtH_mutL Ratios HL	input_wtH_prpfL Ratios HL	input_wtL_mutH Ratios HL	input_wtL_prpfH Ratios HL	input_wtH_mutL Median Log2 Ratios HL	input_wtH_prpfL Median Log2 Ratios HL	input_wtL_mutH Median Log2 Ratios HL	input_wtL_prpfH Median Log2 Ratios HL
contam_sp|P00761|TRYP_PIG	P00761	TRYP_PIG		Trypsin	7.19E+09	4.08E+09	7.33E+09	7.88E+09	4.90E+07	5.01E+08	1.14E+08	3.92E+08	3.22E+09	4.06E+09	3.62E+09	4.34E+09	4.90E+07	6.13E+08	7.53E+07	3.92E+08	0	2	2	1		5.173925557	1.077228243	8.335888901
contam_sp|P02662|CASA1_BOVIN	P02662	CASA1_BOVIN	CSN1S1	Alpha-S1-casein	1.11E+07				262361.25												1	0	0	0	-5.603503031			
contam_sp|P02769|ALBU_BOVIN	P02769	ALBU_BOVIN	ALB	Albumin		1.65E+09	5.97E+07	1.20E+09		3.78E+08	1.20E+07	1.05E+08		4.16E+08	5.42E+07	2.75E+08		1.53E+08		1.92E+08	0	3	1	1		-1.802552613	-0.121324343	-0.660477046
sp|A0A0B4J2A2|PAL4C_HUMAN	A0A0B4J2A2	PAL4C_HUMAN	PPIAL4C	Peptidyl-prolyl cis-trans isomerase A-like 4C								1606104									0	0	0	0				
sp|A0AVT1|UBA6_HUMAN	A0AVT1	UBA6_HUMAN	UBA6	Ubiquitin-like modifier-activating enzyme 6	6122635.5	1.94E+08		2.11E+08	7676784.5	1.96E+08		1.56E+08	7635183.5	2.70E+07		2.55E+07	1.45E+07	3.26E+07		2.33E+07	1	17	0	13	0.594733864	-0.048685955		-0.521218267
sp|A0FGR8|ESYT2_HUMAN	A0FGR8	ESYT2_HUMAN	ESYT2	Extended synaptotagmin-2	5.04E+07	6.42E+07	2.79E+07	5.90E+07	5.50E+07	3.92E+07	2.33E+07	3.84E+07	2.59E+07	2.17E+07	3.91E+07	2.75E+07	2.26E+07	1.28E+07	2.88E+07	1.64E+07	3	4	1	4	0.408930305	-0.151602584	-0.456447816	-0.470046027
sp|A0JLT2|MED19_HUMAN	A0JLT2	MED19_HUMAN	MED19	Mediator of RNA polymerase II transcription subunit 19	1.15E+07	4953810.5	1.24E+07	3473919	6026402.5		1.01E+07		6736804	4953810.5	9674303	3473919	3717587		8188404.5		3	0	2	0	-0.636869826		-0.511512236	
sp|A0MZ66|SHOT1_HUMAN	A0MZ66	SHOT1_HUMAN	SHTN1	Shootin-1		2.45E+07		4.24E+07		1.89E+07		2.17E+07		1.07E+07		1.38E+07		8687320		1.16E+07	0	4	0	3		-0.36093869		-0.190117801
sp|A1L020|MEX3A_HUMAN	A1L020	MEX3A_HUMAN	MEX3A	RNA-binding protein MEX3A			1.41E+07	4730308			1.05E+07	2668532			1.41E+07	4730308			1.05E+07	2668532	0	0	1	1			-0.640635557	-0.618255985
sp|A1L0T0|HACL2_HUMAN	A1L0T0	HACL2_HUMAN	ILVBL	2-hydroxyacyl-CoA lyase 2	7565728	7366465	1.15E+07	1111963	7385069	7465206	8620314		3873181.5	7529726.5	6086084		3787762.5	7716952.5	4607804		2	1	2	0	0.232512099	0.224746053	-0.291141926	
sp|A2RRP1|NBAS_HUMAN	A2RRP1	NBAS_HUMAN	NBAS	NBAS subunit of NRZ tethering complex	2.90E+08	1.24E+07	1.39E+08	1.57E+07	2.40E+08	1.08E+07	1.12E+08	6590887	3.21E+07	8777791	3.06E+07	1.22E+07	2.15E+07	3787435.2	1.93E+07	5533546.5	19	2	10	2	-0.091084904	-0.610209714	-0.35804804	-0.893409068
sp|A2RTX5|SYTC2_HUMAN	A2RTX5	SYTC2_HUMAN	TARS3	"Threonine--tRNA ligase 2, cytoplasmic"	2887993.8		1581526.8		2399135		1279236.5		1959041.8		1581526.8		1294709.1		1279236.5		2	0	1	0	0.094434876		-0.180233507	
sp|A3KMH1|VWA8_HUMAN	A3KMH1	VWA8_HUMAN	VWA8	von Willebrand factor A domain-containing protein 8	4222262	6444153	1.20E+07	1848351	2730652.5	4093323	3063519.5	400320	4401052	4229372.5	4906111	3275456.2	2107265.8	2805888.8	2364141.8	2456431.2	1	2	1	1	-0.360385649	-1.065604232	-0.493714837	-1.999381382
sp|A3KN83|SBNO1_HUMAN	A3KN83	SBNO1_HUMAN	SBNO1	Protein strawberry notch homolog 1		3.76E+07		3.34E+07		3.03E+07		9.47E+07		8671127		7530265		2.51E+07		3.93E+07	0	6	0	5		-0.585670662		0.141855346
sp|A4D0V7|CPED1_HUMAN	A4D0V7	CPED1_HUMAN	CPED1	Cadherin-like and PC-esterase domain-containing protein 1	4097496				1405176.6												1	0	0	0	-1.275606336			
sp|A4D1E9|GTPBA_HUMAN	A4D1E9	GTPBA_HUMAN	GTPBP10	GTP-binding protein 10	6.59E+07	3305826.5	3.06E+07	5932477	5.08E+07	3740531.2	2.76E+07	5048248	1.50E+07	6297768	1.29E+07	5132095.5	1.30E+07	6965972	9884346	5110893.5	4	1	2	2	-0.315375561	0.383768622	-0.296917036	-0.024628754
sp|A4D1P6|WDR91_HUMAN	A4D1P6	WDR91_HUMAN	WDR91	WD repeat-containing protein 91	3.90E+07	902220	3.42E+07		2.91E+07		1.12E+08		1.27E+07		1.11E+07		2.40E+07		3.05E+07		4	0	4	0	-0.305420934		0.195330448	
sp|A5PLN9|TPC13_HUMAN	A5PLN9	TPC13_HUMAN	TRAPPC13	Trafficking protein particle complex subunit 13		814465.9	5897071.5			507064.75				814465.9	5897071.5						0	1	0	0		-0.478147776		
sp|A5YKK6|CNOT1_HUMAN	A5YKK6	CNOT1_HUMAN	CNOT1	CCR4-NOT transcription complex subunit 1	5.15E+08	8.26E+07	5.35E+08	1.46E+08	3.18E+08	7.89E+07	2.79E+08	8.56E+07	7.97E+07	4.89E+07	7.43E+07	4.67E+07	2.38E+07	1.83E+07	2.70E+07	1.41E+07	23	8	17	18	-0.225089634	0.025651185	-0.178466416	-0.407886247
sp|A6NCE7|MP3B2_HUMAN	A6NCE7	MP3B2_HUMAN	MAP1LC3B2	Microtubule-associated protein 1 light chain 3 beta 2	7576267.5	9.79E+07		1.66E+08	6433029.5	3.07E+07		5.14E+07	1.95E+07	5.43E+07		6.75E+07	6433029.5	1.82E+07		2.14E+07	1	2	0	3	0.032395642	-1.286495509		-0.057576648
sp|A6NDG6|PGP_HUMAN	A6NDG6	PGP_HUMAN	PGP	Glycerol-3-phosphate phosphatase			7391889.5				3054571										0	0	1	0			-1.574935819	
sp|A6NFI3|ZN316_HUMAN	A6NFI3	ZN316_HUMAN	ZNF316	Zinc finger protein 316	1.04E+07			5724524	1.16E+07												1	0	0	0	0.423385312			
sp|A6NHR9|SMHD1_HUMAN	A6NHR9	SMHD1_HUMAN	SMCHD1	Structural maintenance of chromosomes flexible hinge domain-containing protein 1	9996144	1.97E+08	2182385.5	1.76E+08	6321095.5	1.70E+08	3.73E+07	1.04E+08	5769816	2.36E+07	5190689	1.68E+07	9363339	3.88E+07	1.04E+07	2.40E+07	2	13	1	9	-0.735216371	-0.04581341	-2.195124711	-0.392547009
sp|A6NNY8|UBP27_HUMAN	A6NNY8	UBP27_HUMAN	USP27X	Ubiquitin carboxyl-terminal hydrolase 27				3019196													0	0	0	0				
sp|A6ZKI3|RTL8C_HUMAN	A6ZKI3	RTL8C_HUMAN	RTL8C	Retrotransposon Gag-like protein 8C				1841026				1113202									0	0	0	1				-0.518162849
sp|A7E2V4|ZSWM8_HUMAN	A7E2V4	ZSWM8_HUMAN	ZSWIM8	Zinc finger SWIM domain-containing protein 8			1871403.9				1389127.5										0	0	1	0			-0.304140505	
sp|A8MPS7|YDJC_HUMAN	A8MPS7	YDJC_HUMAN	YDJC	Carbohydrate deacetylase	4.58E+07		7.65E+07		4.59E+07		5.72E+07		2.90E+07		3.24E+07		2.92E+07		2.54E+07		2	0	4	0	0.254885486		-0.419932853	
sp|A8MXT2|MAGBH_HUMAN	A8MXT2	MAGBH_HUMAN	MAGEB17	Melanoma-associated antigen B17	4497420.5				3343627												1	0	0	0	-0.159299228			
sp|A8MXV4|NUD19_HUMAN	A8MXV4	NUD19_HUMAN	NUDT19	Acyl-coenzyme A diphosphatase NUDT19		6504437		3410177		2344377		702806		6504437		3410177		2344377		702806	0	1	0	1		-1.195380106		-2.071016472
sp|B2RUZ4|SMIM1_HUMAN	B2RUZ4	SMIM1_HUMAN	SMIM1	Small integral membrane protein 1	2.19E+07		1.92E+07	4.16E+07	1.41E+07		1.31E+07	3.73E+07	1.55E+07		1.56E+07	3.09E+07	1.41E+07		1.31E+07	3.12E+07	1	0	1	2	-0.1598455		-0.241324205	-0.147636515
sp|C9JLW8|MCRI1_HUMAN	C9JLW8	MCRI1_HUMAN	MCRIP1	Mapk-regulated corepressor-interacting protein 1	1.08E+07				1.09E+07												1	0	0	0	0.280768582			
sp|E9PAV3|NACAM_HUMAN	E9PAV3	NACAM_HUMAN	NACA	"Nascent polypeptide-associated complex subunit alpha, muscle-specific form"	6.66E+08	5.02E+08	4.36E+08	5.32E+08	5.47E+08	4.23E+08	4.51E+08	4.92E+08	4.01E+08	3.68E+08	2.79E+08	3.82E+08	3.33E+08	3.26E+08	3.07E+08	3.70E+08	6	3	3	2	-0.271490756	0.05760412	0.120581297	0.063456226
sp|E9PQ53|NDUCR_HUMAN	E9PQ53	NDUCR_HUMAN	NDUFC2-KCTD14	"NADH dehydrogenase [ubiquinone] 1 subunit C2, isoform 2"	1.30E+07	4312944.5		1.07E+07	9440161	3029043.8		5887325	1.30E+07	4312944.5		1.07E+07	9440161	3029043.8		5887325	1	1	0	1	-0.419727684	-0.304274444		-0.658045317
sp|E9PRG8|CK098_HUMAN	E9PRG8	CK098_HUMAN	C11orf98	Uncharacterized protein C11orf98	4.36E+08	1.25E+07	5.44E+08	5.46E+07	3.67E+08	1.31E+07	5.25E+08	4.39E+07	1.18E+08	1.65E+07	1.69E+08	1.90E+07	1.22E+08	2.02E+07	1.76E+08	1.52E+07	6	1	6	3	-0.108492268	0.269367614	-0.098292195	-0.379849931
sp|L0R6Q1|S35U4_HUMAN	L0R6Q1	S35U4_HUMAN	SLC35A4	SLC35A4 upstream open reading frame protein		2793118		3425620		4509983.5		2.42E+07									0	1	0	1		0.896782099		3.030049634
sp|L0R819|ASURF_HUMAN	L0R819	ASURF_HUMAN	ASDURF	ASNSD1 upstream open reading frame protein	2.36E+07		8888732		2.06E+07		8330958		1.31E+07		8888732		1.19E+07		8330958		2	0	1	0	0.060980659		-0.393457599	
sp|O00116|ADAS_HUMAN	O00116	ADAS_HUMAN	AGPS	"Alkyldihydroxyacetonephosphate synthase, peroxisomal"	5.57E+07	1.06E+08	3.04E+07	8.05E+07	6.04E+07	1.08E+08	2.80E+07	5.90E+07	2.02E+07	2.81E+07	1.72E+07	2.68E+07	2.56E+07	2.16E+07	1.59E+07	1.72E+07	4	11	3	7	0.115539829	0.158420823	0.199620313	-0.187556451
sp|O00124|UBXN8_HUMAN	O00124	UBXN8_HUMAN	UBXN8	UBX domain-containing protein 8		1337614.2	2.45E+07	1602802		1049721.4		2118713		1337614.2		1602802		1049721.4		2118713	0	1	0	1		-0.144119223		0.610223754
sp|O00139|KIF2A_HUMAN	O00139	KIF2A_HUMAN	KIF2A	Kinesin-like protein KIF2A	1.04E+07	5.87E+07	8915406	2.86E+07	1.08E+07	5.08E+07	1.23E+07	2.59E+07	1.07E+07	2.02E+07	9180660	2.46E+07	1.08E+07	1.76E+07	1.23E+07	2.09E+07	1	5	1	2	0.324536086	0.014058012	0.594299512	0.154019491
sp|O00148|DX39A_HUMAN	O00148	DX39A_HUMAN	DDX39A	ATP-dependent RNA helicase DDX39A	1.50E+07	2.82E+08	3.07E+07	1.92E+08	7426945	1.59E+08	1.53E+07	1.45E+08	1.50E+07	1.14E+08	2.05E+07	8.08E+07	8951781	5.10E+07	1.41E+07	4.41E+07	1	6	2	4	-1.556504615	-0.266109139	-1.553209593	-0.08425077
sp|O00151|PDLI1_HUMAN	O00151	PDLI1_HUMAN	PDLIM1	PDZ and LIM domain protein 1	2.66E+07	3.82E+08	4.90E+07	4.06E+08	1.99E+07	2.90E+08	3.49E+07	2.98E+08	1.62E+07	1.01E+08	2.57E+07	1.18E+08	1.21E+07	7.54E+07	2.10E+07	8.64E+07	2	11	2	9	-0.434502586	-0.261249221	-0.516136176	-0.192310597
sp|O00154|BACH_HUMAN	O00154	BACH_HUMAN	ACOT7	Cytosolic acyl coenzyme A thioester hydrolase	1.82E+07	1.68E+08	8246609	2.42E+08	1.84E+07	1.82E+08	6683046.5	2.18E+08	9563170	6.96E+07	1.01E+07	6.06E+07	1.01E+07	6.89E+07	8490879	5.24E+07	2	5	1	5	0.420147165	0.390796933	-0.603257469	-0.10426863
sp|O00159|MYO1C_HUMAN	O00159	MYO1C_HUMAN	MYO1C	Unconventional myosin-Ic	1.07E+07		8978162		1.03E+07	4192100	8063264		1.07E+07		8978162		1.03E+07		8063264		1	0	1	0	-0.001025944		-0.455018429	
sp|O00160|MYO1F_HUMAN	O00160	MYO1F_HUMAN	MYO1F	Unconventional myosin-If	1.05E+07				4707388												1	0	0	0	-1.354288996			
sp|O00161|SNP23_HUMAN	O00161	SNP23_HUMAN	SNAP23	Synaptosomal-associated protein 23		2.61E+07		3.36E+07		9822542		2.39E+07		2.64E+07		1.53E+07		1.99E+07		9487995	0	1	0	2		-0.582074791		-0.480334707
sp|O00165|HAX1_HUMAN	O00165	HAX1_HUMAN	HAX1	HCLS1-associated protein X-1	2.87E+07	3561784	5.02E+07	4991495	1.93E+07	2491374.2	4.28E+07	4694270	1.30E+07	4056246	2.04E+07	4696437	8888394	2836969.5	1.56E+07	2977929.8	3	1	3	3	-0.472126684	-0.310121764	-0.245078729	0.063007767
sp|O00170|AIP_HUMAN	O00170	AIP_HUMAN	AIP	AH receptor-interacting protein	2.88E+07		2.52E+07	4.72E+07	2.31E+07		1.30E+07	3.42E+07	1.86E+07		1.94E+07	2.76E+07	1.31E+07		1.30E+07	1.69E+07	2	0	1	3	-0.071722335		-0.741800723	-0.216253098
sp|O00178|GTPB1_HUMAN	O00178	GTPB1_HUMAN	GTPBP1	GTP-binding protein 1		4.04E+07		5.48E+07		3.34E+07		4.57E+07		2.79E+07		2.10E+07		1.58E+07		1.55E+07	0	3	0	5		-0.313272516		0.016472453
sp|O00186|STXB3_HUMAN	O00186	STXB3_HUMAN	STXBP3	Syntaxin-binding protein 3	3.25E+07	4.05E+07	3.35E+07	4.98E+07	2.80E+07	2.74E+07	1.91E+07	3.17E+07	1.34E+07	1.36E+07	1.27E+07	1.37E+07	1.33E+07	7920475.5	1.21E+07	9789152	3	5	2	4	-0.100447989	-0.346465887	-0.453072735	-0.478139632
sp|O00192|ARVC_HUMAN	O00192	ARVC_HUMAN	ARVCF	Splicing regulator ARVCF	2.25E+07	133384.02	1965384.2		2.01E+07	338706.97	1506794			133384.02	1965384.2			338706.97	1506794		1	1	1	0	-0.138623043	1.549988398	-0.257527857	
sp|O00193|SMAP_HUMAN	O00193	SMAP_HUMAN	SMAP	Small acidic protein		5.49E+07		1.08E+08		4.91E+07		1.00E+08		3.28E+07		3.12E+07		3.04E+07		2.88E+07	0	2	0	4		0.049262494		0.159200333
sp|O00203|AP3B1_HUMAN	O00203	AP3B1_HUMAN	AP3B1	AP-3 complex subunit beta-1		5.81E+07		3.58E+07		4.67E+07		3.53E+07		1.95E+07		1.58E+07		1.56E+07		1.74E+07	0	5	0	4		0.052455337		0.068511168
sp|O00214|LEG8_HUMAN	O00214	LEG8_HUMAN	LGALS8	Galectin-8		5521891		6550089		6186328		7550172									0	1	0	2		0.36945724		0.87068036
sp|O00217|NDUS8_HUMAN	O00217	NDUS8_HUMAN	NDUFS8	"NADH dehydrogenase [ubiquinone] iron-sulfur protein 8, mitochondrial"	3.29E+07	2.99E+07	1.37E+07	2.74E+07	2.99E+07	2.84E+07	1.22E+07	1.88E+07	1.54E+07	1.19E+07	1.73E+07	8750882	1.29E+07	1.21E+07	1.44E+07	6278666.5	3	4	2	4	0.073260171	0.108715746	-0.040350866	-0.237037472
sp|O00231|PSD11_HUMAN	O00231	PSD11_HUMAN	PSMD11	26S proteasome non-ATPase regulatory subunit 11	1.68E+09	5.37E+08	1.30E+09	7.24E+08	1.18E+09	5.83E+08	1.26E+09	7.13E+08	2.51E+08	8.41E+07	1.97E+08	1.17E+08	2.28E+08	9.00E+07	2.31E+08	1.16E+08	24	16	23	17	-0.28162638	0.119745581	0.180357834	0.08016905
sp|O00232|PSD12_HUMAN	O00232	PSD12_HUMAN	PSMD12	26S proteasome non-ATPase regulatory subunit 12	7.48E+08	5.18E+08	6.62E+08	5.36E+08	6.85E+08	4.26E+08	6.52E+08	4.71E+08	9.65E+07	8.58E+07	7.09E+07	8.30E+07	7.12E+07	6.46E+07	6.44E+07	6.55E+07	17	18	18	21	-0.153850971	-0.053282274	0.149870696	0.060896019
sp|O00233|PSMD9_HUMAN	O00233	PSMD9_HUMAN	PSMD9	26S proteasome non-ATPase regulatory subunit 9	4.46E+07	2.13E+07	2.07E+07	5.17E+07	4.52E+07	2.04E+07	2.67E+07	6.34E+07	2.10E+07	1.99E+07	1.83E+07	1.95E+07	2.29E+07	2.82E+07	2.16E+07	2.62E+07	3	2	1	4	-0.407127707	0.132774588	1.19340609	0.377764453
sp|O00255|MEN1_HUMAN	O00255	MEN1_HUMAN	MEN1	Menin		2146826.5	2.43E+07		5794334.5	1806213.1											0	1	0	0		-0.043700974		
sp|O00257|CBX4_HUMAN	O00257	CBX4_HUMAN	CBX4	E3 SUMO-protein ligase CBX4			1.33E+07				7154160.5										0	0	0	0				
sp|O00264|PGRC1_HUMAN	O00264	PGRC1_HUMAN	PGRMC1	Membrane-associated progesterone receptor component 1	6.94E+07				5.74E+07												2	0	0	0	-0.25826172			
sp|O00267|SPT5H_HUMAN	O00267	SPT5H_HUMAN	SUPT5H	Transcription elongation factor SPT5	4.09E+07	7.22E+07	1.44E+07	1.12E+08	4.33E+07	3.99E+07		9.37E+07	1.29E+07	3.16E+07	1.82E+07	3.35E+07	1.81E+07	1.51E+07		2.57E+07	2	6	0	9	0.689841613	-0.500597317		0.015866589
sp|O00268|TAF4_HUMAN	O00268	TAF4_HUMAN	TAF4	Transcription initiation factor TFIID subunit 4	1.22E+07	1446450.8	1.69E+07	4542865	9354781	1393193.4	2.27E+07	5540397	7857922	1238876.2	1.11E+07	2453504.2	7372890	1308684.1	1.20E+07	3345976.8	2	1	2	2	-0.33945858	0.15141468	0.620244248	0.483484586
sp|O00273|DFFA_HUMAN	O00273	DFFA_HUMAN	DFFA	DNA fragmentation factor subunit alpha	3035071.5	7.67E+07		1.55E+07	3338963.5	3.37E+07		1.11E+07	4527350.5	2.13E+07		1.86E+07	3338963.5	1.56E+07		9161988	1	3	0	2	0.406054359	0.290829291		-0.329195938
sp|O00299|CLIC1_HUMAN	O00299	CLIC1_HUMAN	CLIC1	Chloride intracellular channel protein 1	3.63E+08	3.24E+09	3.74E+08	4.05E+09	2.69E+08	2.34E+09	2.60E+08	3.15E+09	1.10E+08	1.05E+09	1.30E+08	1.08E+09	9.42E+07	7.16E+08	1.01E+08	7.96E+08	8	18	8	18	-0.257371102	-0.363406739	-0.607964882	-0.209008519
sp|O00303|EIF3F_HUMAN	O00303	EIF3F_HUMAN	EIF3F	Eukaryotic translation initiation factor 3 subunit F	4.22E+08	1.84E+08	3.61E+08	1.90E+08	3.70E+08	1.88E+08	3.15E+08	2.13E+08	9.73E+07	5.60E+07	6.95E+07	6.46E+07	1.05E+08	6.06E+07	9.04E+07	7.68E+07	11	9	10	8	0.019741725	-0.01309024	0.263088065	0.129849276
sp|O00308|WWP2_HUMAN	O00308	WWP2_HUMAN	WWP2	NEDD4-like E3 ubiquitin-protein ligase WWP2	8849955		1.17E+07	1937182			2.74E+07	1494920	8849955		1.17E+07						0	0	1	1			2.270730757	-0.166259398
sp|O00311|CDC7_HUMAN	O00311	CDC7_HUMAN	CDC7	Cell division cycle 7-related protein kinase	437019.03				295656.4	638741.3							295656.4	638741.3			1	0	0	0	-0.295389942			
sp|O00329|PK3CD_HUMAN	O00329	PK3CD_HUMAN	PIK3CD	"Phosphatidylinositol 4,5-bisphosphate 3-kinase catalytic subunit delta isoform"		2089037.8				3462006.2											0	1	0	0		0.93430625		
sp|O00330|ODPX_HUMAN	O00330	ODPX_HUMAN	PDHX	"Pyruvate dehydrogenase protein X component, mitochondrial"	2.05E+08	1.14E+07	2.38E+08	8781804	1.72E+08	8646152	1.75E+08	8896429	3.98E+07	6158928	4.38E+07	1.04E+07	3.59E+07	4946980	3.92E+07	1.18E+07	7	2	7	2	-0.102381179	-0.078883243	-0.39008428	0.147528207
sp|O00399|DCTN6_HUMAN	O00399	DCTN6_HUMAN	DCTN6	Dynactin subunit 6		1.14E+07		5825268		4200807.5		4648549		1.14E+07		5825268		4200807.5		4648549	0	1	0	1		-1.152311474		-0.117912137
sp|O00400|ACATN_HUMAN	O00400	ACATN_HUMAN	SLC33A1	Acetyl-coenzyme A transporter 1				2271083				1434946									0	0	0	1				-0.454752173
sp|O00401|WASL_HUMAN	O00401	WASL_HUMAN	WASL	Actin nucleation-promoting factor WASL				3529320				1764227									0	0	0	1				-0.792722293
sp|O00410|IPO5_HUMAN	O00410	IPO5_HUMAN	IPO5	Importin-5	2.96E+07	1.61E+08	7231992.5	1.69E+08	2.95E+07	1.83E+08	7887909	1.49E+08	1.41E+07	2.60E+07	1.26E+07	2.39E+07	1.46E+07	2.50E+07	1.90E+07	2.25E+07	3	13	1	14	-0.500209314	-0.136933687	0.251051022	-0.023221924
sp|O00411|RPOM_HUMAN	O00411	RPOM_HUMAN	POLRMT	"DNA-directed RNA polymerase, mitochondrial"	7.38E+07	2.24E+07	4.73E+07	1.35E+07	6.50E+07	1.99E+07	3.98E+07	9153943	2.70E+07	1.01E+07	2.28E+07	8434408	2.42E+07	8144592.5	1.92E+07	6396530	4	5	2	3	-0.002019205	-0.096424601	-0.283799627	-0.355719452
sp|O00418|EF2K_HUMAN	O00418	EF2K_HUMAN	EEF2K	Eukaryotic elongation factor 2 kinase		1.46E+07		3.71E+07		1.80E+07		9561165		5491479		1.33E+07					0	3	0	3		0.801025793		-0.674500048
sp|O00422|SAP18_HUMAN	O00422	SAP18_HUMAN	SAP18	Histone deacetylase complex subunit SAP18	1.11E+07	1.36E+07		2.74E+07	1.11E+07	1.32E+07		3.43E+07		1.47E+07		2.02E+07		1.47E+07		2.74E+07	1	2	0	2	0.038524216	-0.229875929		0.202538335
sp|O00425|IF2B3_HUMAN	O00425	IF2B3_HUMAN	IGF2BP3	Insulin-like growth factor 2 mRNA-binding protein 3	1.15E+09	2.26E+08	1.33E+09	3.51E+08	9.92E+08	1.92E+08	1.24E+09	2.01E+08	1.73E+08	4.66E+07	1.67E+08	5.50E+07	1.39E+08	4.09E+07	1.49E+08	3.55E+07	24	13	31	13	-0.135432928	-0.033110975	-0.102662309	-0.457013309
sp|O00429|DNM1L_HUMAN	O00429	DNM1L_HUMAN	DNM1L	Dynamin-1-like protein	1468007.8	8.91E+07	1230162.8	1.13E+08	1152142.5	7.16E+07	1006902.56	8.04E+07	1980311	2.27E+07	1659463.1	1.55E+07	1457825.1	1.85E+07	1274050.6	1.07E+07	1	6	1	9	-0.081155777	0.076976681	-0.163123744	-0.087675431
sp|O00442|RTCA_HUMAN	O00442	RTCA_HUMAN	RTCA	RNA 3'-terminal phosphate cyclase	1.29E+07	5.24E+07		2.98E+07	6978924	3.85E+07		2.31E+07	7743246	2.32E+07		1.98E+07	6978924	1.59E+07		1.27E+07	1	4	0	2	0.071252765	-0.089015849		-0.148470632
sp|O00443|P3C2A_HUMAN	O00443	P3C2A_HUMAN	PIK3C2A	Phosphatidylinositol 4-phosphate 3-kinase C2 domain-containing subunit alpha	807961.44		1120435	4638145	579023.8		1.04E+07										1	0	1	0	-0.212279197		-0.993414607	
sp|O00458|IFRD1_HUMAN	O00458	IFRD1_HUMAN	IFRD1	Interferon-related developmental regulator 1	1.01E+08		9.28E+07		8.98E+07		1.00E+08		4.13E+07		4.53E+07		3.62E+07		4.81E+07		4	0	3	0	-0.041299727		0.321462538	
sp|O00459|P85B_HUMAN	O00459	P85B_HUMAN	PIK3R2	Phosphatidylinositol 3-kinase regulatory subunit beta		4245075.5	5352918	7287950			5143120	4536995									0	0	1	2			0.068119531	-0.481767288
sp|O00461|GOLI4_HUMAN	O00461	GOLI4_HUMAN	GOLIM4	Golgi integral membrane protein 4		3767966.5				5158448											0	1	0	0		3.08E-04		
sp|O00471|EXOC5_HUMAN	O00471	EXOC5_HUMAN	EXOC5	Exocyst complex component 5		4003144.8		2144876				2287112									0	0	0	1				0.300264571
sp|O00483|NDUA4_HUMAN	O00483	NDUA4_HUMAN	NDUFA4	Cytochrome c oxidase subunit NDUFA4	4.02E+07	7972064.5	1.99E+07		3.59E+07	5845260.5	2.03E+07	7245849	2.55E+07	7972064.5	1.99E+07		2.45E+07	5845260.5	2.03E+07	7245849	2	1	1	0	-0.189379505	-0.24214966	0.025567441	
sp|O00487|PSDE_HUMAN	O00487	PSDE_HUMAN	PSMD14	26S proteasome non-ATPase regulatory subunit 14	3.25E+08	8.78E+07	1.93E+08	2.04E+08	2.29E+08	7.36E+07	1.98E+08	1.54E+08	1.94E+08	7.28E+07	9.47E+07	1.05E+08	1.28E+08	6.31E+07	9.87E+07	7.13E+07	4	2	4	6	-0.343680158	0.227808906	-0.057199798	-0.239971133
sp|O00488|ZN593_HUMAN	O00488	ZN593_HUMAN	ZNF593	Zinc finger protein 593	6.08E+07		5.57E+07		3.79E+07		4.70E+07		3.04E+07		2.96E+07		2.01E+07		2.78E+07		2	0	2	0	-0.912431063		-0.408213287	
sp|O00505|IMA4_HUMAN	O00505	IMA4_HUMAN	KPNA3	Importin subunit alpha-4	3.50E+07	4.03E+07	4.83E+07	4.45E+07	2.96E+07	3.00E+07	4.38E+07	4.03E+07	2.20E+07	2.15E+07	3.11E+07	1.62E+07	1.95E+07	1.76E+07	2.73E+07	1.32E+07	2	2	2	3	0.030274275	-0.211323997	-0.110608214	-0.056234405
sp|O00506|STK25_HUMAN	O00506	STK25_HUMAN	STK25	Serine/threonine-protein kinase 25		1049203.8				8786035											0	1	0	0		3.18647117		
sp|O00541|PESC_HUMAN	O00541	PESC_HUMAN	PES1	Pescadillo homolog	3.54E+07	3.04E+07		3.52E+07	2.54E+07	2.55E+07		4.04E+07		1.38E+07		1.32E+07		1.56E+07		1.62E+07	1	3	0	3	0.539365255	-0.272746319		0.099402596
sp|O00560|SDCB1_HUMAN	O00560	SDCB1_HUMAN	SDCBP	Syntenin-1		1.27E+07		8196372		1.07E+07		6585717		1.27E+07		8196372		1.07E+07		6585717	0	1	0	1		-0.055512557		-0.108013176
sp|O00566|MPP10_HUMAN	O00566	MPP10_HUMAN	MPHOSPH10	U3 small nucleolar ribonucleoprotein protein MPP10		9350059		3.11E+07		5580433.5		2.62E+07		8597156		1.12E+07		4731790		8568361	0	2	0	3		-0.553264059		0.430020021
sp|O00567|NOP56_HUMAN	O00567	NOP56_HUMAN	NOP56	Nucleolar protein 56	1.36E+08	1.16E+08	4.21E+07	2.09E+08	1.58E+08	1.00E+08	4.01E+07	1.56E+08	2.43E+07	5.23E+07	2.23E+07	4.96E+07	1.78E+07	5.92E+07	2.51E+07	3.68E+07	7	9	3	12	0.154917922	-0.030662086	0.282873785	-0.216691424
sp|O00571|DDX3X_HUMAN	O00571	DDX3X_HUMAN	DDX3X	ATP-dependent RNA helicase DDX3X	1.09E+07	7.11E+08	2.02E+07	8.41E+08	1.25E+07	6.40E+08	2.17E+07	7.59E+08	2.46E+07	1.60E+08	1.65E+07	1.21E+08	2.80E+07	1.58E+08	1.78E+07	1.21E+08	1	14	1	21	0.462943408	0.092702303	0.356542054	0.039980614
sp|O00625|PIR_HUMAN	O00625	PIR_HUMAN	PIR	Pirin				3878807				2907669									0	0	0	1				-0.208118136
sp|O00629|IMA3_HUMAN	O00629	IMA3_HUMAN	KPNA4	Importin subunit alpha-3	1.18E+07	8677931	9351962	1.63E+07	1.03E+07	6551456	7170817	1.71E+07	1.18E+07	6955792.5	9351962	1.18E+07	1.03E+07	4924061	7170817	1.20E+07	1	2	1	2	0.0797205	-0.134689952	-0.257330127	0.313091238
sp|O00743|PPP6_HUMAN	O00743	PPP6_HUMAN	PPP6C	Serine/threonine-protein phosphatase 6 catalytic subunit	1.76E+08	4.19E+07	1.22E+08	2.02E+07	1.17E+08	3.30E+07	1.20E+08	1.65E+07	3.15E+07	1.26E+07	3.16E+07	1.30E+07	3.09E+07	1.20E+07	3.22E+07	1.02E+07	7	4	5	2	-0.293274281	-0.130554655	-0.110846331	-0.192136843
sp|O00746|NDKM_HUMAN	O00746	NDKM_HUMAN	NME4	"Nucleoside diphosphate kinase, mitochondrial"								1779111									0	0	0	0				
sp|O00764|PDXK_HUMAN	O00764	PDXK_HUMAN	PDXK	Pyridoxal kinase		6.62E+07		1.09E+08		5.16E+07		8.70E+07		3.79E+07		3.13E+07		3.02E+07		2.32E+07	0	2	0	4		-0.120375252		-0.051770571
sp|O00767|SCD_HUMAN	O00767	SCD_HUMAN	SCD	Stearoyl-CoA desaturase		1.76E+07	1.08E+07	2576078		5820883	8010045.5			5789746		3991693.5					0	2	1	0		-0.918139369	-0.73279244	
sp|O14497|ARI1A_HUMAN	O14497	ARI1A_HUMAN	ARID1A	AT-rich interactive domain-containing protein 1A	2.22E+08	3.66E+07	2.44E+08	4.08E+07	1.67E+08	2.16E+07	2.13E+08	4.70E+07	2.98E+07	1.31E+07	3.69E+07	1.46E+07	2.93E+07	9982636	3.49E+07	1.27E+07	12	4	12	7	-0.188244621	-0.291532728	-0.159243933	0.417215732
sp|O14523|C2C2L_HUMAN	O14523	C2C2L_HUMAN	C2CD2L	Phospholipid transfer protein C2CD2L	1403378.6	2599614	816537.1	1614506	995416.6	2300242	656703.5	1334102	1403378.6	2599614	816537.1	1614506	995416.6	2300242	656703.5	1334102	1	1	1	1	-0.227147326	0.029024773	-0.188474989	-0.067592102
sp|O14526|FCHO1_HUMAN	O14526	FCHO1_HUMAN	FCHO1	F-BAR domain only protein 1	8670441				1.02E+07												1	0	0	0	0.497318214			
sp|O14530|TXND9_HUMAN	O14530	TXND9_HUMAN	TXNDC9	Thioredoxin domain-containing protein 9	7.88E+07	3.42E+07	5.20E+07	2.63E+07	5.82E+07	1.87E+07	5.91E+07	2.41E+07	2.65E+07	9649801	2.37E+07	1.12E+07	2.01E+07	7290421	2.76E+07	1.00E+07	4	4	3	4	-0.241282721	-0.418230536	0.407317871	0.031775688
sp|O14545|TRAD1_HUMAN	O14545	TRAD1_HUMAN	TRAFD1	TRAF-type zinc finger domain-containing protein 1	1.65E+08		6.63E+07		1.50E+08	2.01E+07	7.48E+07	1.00E+07	4.98E+07		5.10E+07		3.46E+07	2.69E+07	4.13E+07	1.34E+07	4	0	3	0	0.1762916		0.074048728	
sp|O14548|CO72L_HUMAN	O14548	CO72L_HUMAN	COX7A2L	"Cytochrome c oxidase subunit 7A2-like, mitochondrial"		1.79E+07		2.27E+07		6517232.5		9635159		1.79E+07		1.18E+07		7449418		4774875.5	0	1	0	2		-1.231926835		-1.042979417
sp|O14562|UBFD1_HUMAN	O14562	UBFD1_HUMAN	UBFD1	Ubiquitin domain-containing protein UBFD1		3.90E+07		2020333		3.25E+07		2.17E+07		2.34E+07		2020333		1.59E+07		2.71E+07	0	2	0	1		-0.05744161		3.62967331
sp|O14576|DC1I1_HUMAN	O14576	DC1I1_HUMAN	DYNC1I1	Cytoplasmic dynein 1 intermediate chain 1		3073559.2		9291826		3267208		3155517		3073559.2		9291826		3267208		3155517	0	1	0	1		0.293684457		-1.350453922
sp|O14578|CTRO_HUMAN	O14578	CTRO_HUMAN	CIT	Citron Rho-interacting kinase	1.24E+07	6347762	3.26E+07		1.45E+07		4.61E+07	5601173	1.31E+07		1.32E+07		2.46E+07		2.61E+07	3949483	2	0	2	0	0.474997691		0.889401855	
sp|O14579|COPE_HUMAN	O14579	COPE_HUMAN	COPE	Coatomer subunit epsilon	1.38E+08	2136253.2	3.58E+07	1.24E+07	1.11E+08		2.84E+07	8592564	3.76E+07		2.43E+07	1.16E+07	2.92E+07		1.96E+07	7674286	6	0	2	2	-0.240776282		-0.490035341	0.00357208
sp|O14602|IF1AY_HUMAN	O14602	IF1AY_HUMAN	EIF1AY	"Eukaryotic translation initiation factor 1A, Y-chromosomal"		3.34E+07		3491580		2.84E+07		3780061		1.38E+07		6609770.5		1.33E+07		5400255.5	0	2	0	1		0.151838245		0.322161297
sp|O14607|UTY_HUMAN	O14607	UTY_HUMAN	UTY	Histone demethylase UTY		1837938				1770916.8											0	1	0	0		0.151944629		
sp|O14617|AP3D1_HUMAN	O14617	AP3D1_HUMAN	AP3D1	AP-3 complex subunit delta-1	3.87E+07	1.83E+07		2.15E+07	2.72E+07	2.13E+07		2.15E+07	9454638	1.18E+07		1.02E+07	7489176	1.46E+07		1.21E+07	5	2	0	5	-0.12881482	0.44088396		-0.211623508
sp|O14640|DVL1_HUMAN	O14640	DVL1_HUMAN	DVL1	Segment polarity protein dishevelled homolog DVL-1		2137375.5				831223.6											0	1	0	0		-1.156995474		
sp|O14641|DVL2_HUMAN	O14641	DVL2_HUMAN	DVL2	Segment polarity protein dishevelled homolog DVL-2			6179292.5			2396379	7376502										0	0	1	0			0.381296661	
sp|O14646|CHD1_HUMAN	O14646	CHD1_HUMAN	CHD1	Chromodomain-helicase-DNA-binding protein 1		2.62E+07		6.64E+07		2.61E+07	4205872.5	4.40E+07		1.67E+07		1.52E+07		1.26E+07		8368434	0	4	0	9		0.399560811		-0.118642173
sp|O14647|CHD2_HUMAN	O14647	CHD2_HUMAN	CHD2	Chromodomain-helicase-DNA-binding protein 2		1.22E+07	1.40E+08			1.18E+07	2.98E+07										0	1	1	0		0.136221717	-3.091449712	
sp|O14653|GOSR2_HUMAN	O14653	GOSR2_HUMAN	GOSR2	Golgi SNAP receptor complex member 2	1.49E+07		9492269		1.25E+07	2662668	1.18E+07		1.49E+07		9492269		1.25E+07		1.18E+07		1	0	1	0	0.018559392		0.771851988	
sp|O14657|TOR1B_HUMAN	O14657	TOR1B_HUMAN	TOR1B	Torsin-1B				5127080				4595809									0	0	0	1				0.049813194
sp|O14681|EI24_HUMAN	O14681	EI24_HUMAN	EI24	Etoposide-induced protein 2.4 homolog			8981062	8717971			1.88E+07	1.00E+07									0	0	1	1			1.669191744	0.407639082
sp|O14686|KMT2D_HUMAN	O14686	KMT2D_HUMAN	KMT2D	Histone-lysine N-methyltransferase 2D	1.08E+07	955288.1	3.29E+07		1.11E+07	1234889	2.23E+07		1.12E+07		1.28E+07		1.11E+07		1.60E+07		1	1	3	0	0.533374916	0.575910031	-1.931042553	
sp|O14727|APAF_HUMAN	O14727	APAF_HUMAN	APAF1	Apoptotic protease-activating factor 1	2.75E+07																0	0	0	0				
sp|O14730|RIOK3_HUMAN	O14730	RIOK3_HUMAN	RIOK3	Serine/threonine-protein kinase RIO3				6831244				1823696									0	0	0	1				-1.697651333
sp|O14733|MP2K7_HUMAN	O14733	MP2K7_HUMAN	MAP2K7	Dual specificity mitogen-activated protein kinase kinase 7	4.26E+07		5.67E+07	8015208	4.54E+07		5.04E+07	5.58E+07	1.26E+07		1.29E+07	1.31E+07	1.31E+07		1.38E+07	6.49E+07	4	0	4	2	0.429034991		0.294713506	2.118634425
sp|O14734|ACOT8_HUMAN	O14734	ACOT8_HUMAN	ACOT8	Acyl-coenzyme A thioesterase 8	1.99E+07	8460068	3.18E+07		1.30E+07	4417489.5	1.71E+07		1.99E+07	7476856.5	2.50E+07		1.30E+07	4417489.5	1.37E+07		1	1	2	0	-0.468642549	-0.482365702	-1.092224472	
sp|O14735|CDIPT_HUMAN	O14735	CDIPT_HUMAN	CDIPT	CDP-diacylglycerol--inositol 3-phosphatidyltransferase				5439557				3521825									0	0	0	1				-0.419534109
sp|O14737|PDCD5_HUMAN	O14737	PDCD5_HUMAN	PDCD5	Programmed cell death protein 5	3.23E+08	3.82E+07	2.69E+08	7.51E+07	3.71E+08	2.84E+07	4.38E+08	5.38E+07	1.39E+08	3.82E+07	9.73E+07	4.96E+07	1.28E+08	2.84E+07	1.36E+08	3.53E+07	8	1	7	3	0.102360677	-0.230881016	0.532098649	-0.132540614
sp|O14744|ANM5_HUMAN	O14744	ANM5_HUMAN	PRMT5	Protein arginine N-methyltransferase 5	6.98E+08	4.27E+08	6.11E+08	5.03E+08	5.26E+08	3.27E+08	5.78E+08	3.70E+08	1.86E+08	8.08E+07	1.38E+08	1.07E+08	1.22E+08	5.68E+07	1.29E+08	6.85E+07	13	12	14	14	-0.2361114	-0.008760608	-0.056345866	-0.285506788
sp|O14745|NHRF1_HUMAN	O14745	NHRF1_HUMAN	NHERF1	Na(+)/H(+) exchange regulatory cofactor NHE-RF1		7.39E+07		7.61E+07		4.32E+07		4.65E+07		3.30E+07		3.49E+07		1.79E+07		2.12E+07	0	5	0	5		-0.675161129		-0.494812953
sp|O14757|CHK1_HUMAN	O14757	CHK1_HUMAN	CHEK1	Serine/threonine-protein kinase Chk1		3.15E+07		3.10E+07		2.46E+07		1.81E+07		1.21E+07		9001719		7466508		5823820.5	0	4	0	4		-0.032677475		-0.287331901
sp|O14773|TPP1_HUMAN	O14773	TPP1_HUMAN	TPP1	Tripeptidyl-peptidase 1	1031427.5	9.06E+07		8.27E+07	761729.75	3.64E+07		4.97E+07	1081880.8	5.11E+07		4.36E+07	1212021.6	3.12E+07		2.77E+07	1	1	0	2	-0.168906669	0.147990717		-0.590498105
sp|O14776|TCRG1_HUMAN	O14776	TCRG1_HUMAN	TCERG1	Transcription elongation regulator 1	4.49E+07	1.29E+08	1.99E+07	2.39E+08	1.91E+07	5.35E+07	1.98E+07	2.17E+08	2.28E+07	3.71E+07	2.14E+07	3.44E+07	2.04E+07	2.38E+07	2.12E+07	3.11E+07	1	4	1	12	-0.226281247	-0.611240324	-0.005862952	0.097844331
sp|O14777|NDC80_HUMAN	O14777	NDC80_HUMAN	NDC80	Kinetochore protein NDC80 homolog	1.08E+07	5.47E+07	1.32E+07	5.86E+07	7467431.5	3.35E+07	1.58E+07	4.38E+07		1.58E+07		1.73E+07		8691295		1.02E+07	1	6	1	6	-0.25944355	-0.119928802	0.389753932	-0.036032958
sp|O14787|TNPO2_HUMAN	O14787	TNPO2_HUMAN	TNPO2	Transportin-2		1.03E+07		8470598		9647279		4922653		1.03E+07		8470598		9647279		4922653	0	1	0	1		0.111848047		-0.575395955
sp|O14802|RPC1_HUMAN	O14802	RPC1_HUMAN	POLR3A	DNA-directed RNA polymerase III subunit RPC1	3.63E+08	5052231	2.80E+08	6883535	3.69E+08	3817855.5	2.85E+08	7060270	3.85E+07	2671891	3.24E+07	6883535	5.62E+07	1977228.6	5.37E+07	7060270	18	2	16	1	-0.137990451	-0.197139474	0.093280555	0.244205523
sp|O14818|PSA7_HUMAN	O14818	PSA7_HUMAN	PSMA7	Proteasome subunit alpha type-7	1.63E+09	1.15E+09	1.53E+09	1.21E+09	1.25E+09	9.44E+08	1.46E+09	1.02E+09	3.84E+08	2.75E+08	4.22E+08	3.29E+08	2.90E+08	2.49E+08	3.39E+08	2.90E+08	14	12	15	11	-0.228489268	-0.109643455	-0.010912871	-0.104375271
sp|O14828|SCAM3_HUMAN	O14828	SCAM3_HUMAN	SCAMP3	Secretory carrier-associated membrane protein 3	2.39E+07	3.90E+07	1.61E+07	1.10E+08	2.28E+07	4.52E+07	1.55E+07	7.46E+07	1.27E+07	1.85E+07	1.95E+07	3.34E+07	1.29E+07	2.13E+07	1.82E+07	2.27E+07	2	3	1	4	0.201723297	0.427913037	0.073734414	-0.327147424
sp|O14841|OPLA_HUMAN	O14841	OPLA_HUMAN	OPLAH	5-oxoprolinase	1.01E+07	1.19E+07	1.31E+07	5357762	1.04E+07	1475023.5	1.34E+07	2335787	1.01E+07		1.31E+07	5357762	1.04E+07		1.34E+07	2335787	1	1	1	1	0.079675515	-0.785818324	0.156566832	-0.990090011
sp|O14880|MGST3_HUMAN	O14880	MGST3_HUMAN	MGST3	"Glutathione S-transferase 3, mitochondrial"		3.02E+07		1.52E+07		3.48E+07		1.23E+07		2.92E+07		1.52E+07		3.27E+07		1.23E+07	0	2	0	1		0.785533866		-0.103836592
sp|O14893|GEMI2_HUMAN	O14893	GEMI2_HUMAN	GEMIN2	Gem-associated protein 2	4.58E+07		7.07E+07		3.60E+07		6.84E+07	1.53E+07	4.58E+07		3.50E+07		3.60E+07		3.03E+07	1.53E+07	1	0	3	0	-0.299501844		-0.018123651	
sp|O14908|GIPC1_HUMAN	O14908	GIPC1_HUMAN	GIPC1	PDZ domain-containing protein GIPC1		5145074.5				6271054											0	1	0	0		0.49105239		
sp|O14920|IKKB_HUMAN	O14920	IKKB_HUMAN	IKBKB	Inhibitor of nuclear factor kappa-B kinase subunit beta	2.79E+07			1.00E+07	3.57E+07			5989108									2	0	0	1	0.548385903			-0.158845236
sp|O14925|TIM23_HUMAN	O14925	TIM23_HUMAN	TIMM23	Mitochondrial import inner membrane translocase subunit Tim23		2.03E+07		1.80E+07		4.27E+07		3.09E+07		2.03E+07		1.80E+07		4.27E+07		3.09E+07	0	1	0	1		1.284508262		0.985478721
sp|O14929|HAT1_HUMAN	O14929	HAT1_HUMAN	HAT1	Histone acetyltransferase type B catalytic subunit	4080800.2	3.33E+08		2.51E+08	2939456.2	3.04E+08		2.11E+08	2866009.2	1.33E+08		9.48E+07	3612886.5	1.05E+08		7.06E+07	2	5	0	5	-0.282787976	0.074098759		0.025980877
sp|O14949|QCR8_HUMAN	O14949	QCR8_HUMAN	UQCRQ	Cytochrome b-c1 complex subunit 8		3.45E+07	1.97E+07	4.55E+07		2.73E+07		3.22E+07		1.96E+07	1.97E+07	2.70E+07		1.54E+07		1.78E+07	0	2	0	2		-0.113934486		-0.260084736
sp|O14950|ML12B_HUMAN	O14950	ML12B_HUMAN	MYL12B	Myosin regulatory light chain 12B	1.67E+08	7.10E+07	1.28E+08	9.24E+07	1.10E+08	7.71E+07	1.57E+08	8.65E+07	6.56E+07	3.70E+07	8.37E+07	3.20E+07	4.86E+07	4.26E+07	8.35E+07	3.11E+07	5	3	4	5	-0.31502941	0.217943934	0.459465741	0.036442902
sp|O14964|HGS_HUMAN	O14964	HGS_HUMAN	HGS	Hepatocyte growth factor-regulated tyrosine kinase substrate		1.06E+07				2.12E+07											0	2	0	0		-0.58485104		
sp|O14966|RAB7L_HUMAN	O14966	RAB7L_HUMAN	RAB29	Ras-related protein Rab-7L1				6329728													0	0	0	0				
sp|O14972|VP26C_HUMAN	O14972	VP26C_HUMAN	VPS26C	Vacuolar protein sorting-associated protein 26C		4901544.5		4132983		3744908.2		2921158		4901544.5		4132983		3744908.2		2921158	0	1	0	1		-0.111466515		-0.293011222
sp|O14974|MYPT1_HUMAN	O14974	MYPT1_HUMAN	PPP1R12A	Protein phosphatase 1 regulatory subunit 12A		3.04E+07	1.95E+07	2.94E+07		2.29E+07		2.99E+07		1.03E+07	1.03E+07	1.57E+07		1.02E+07		2.38E+07	0	4	0	3		-0.513722717		0.023944287
sp|O14975|S27A2_HUMAN	O14975	S27A2_HUMAN	SLC27A2	Long-chain fatty acid transport protein 2	2.34E+07	2.54E+07	2.44E+07	1.96E+07	1.03E+07	1.09E+07	7590728	1.06E+07	2.34E+07	1.20E+07	2.44E+07	8380375	1.03E+07	6835151.5	7590728	5023559	1	2	1	4	-1.681045627	-0.705756841	-2.584641932	-0.243402737
sp|O14976|GAK_HUMAN	O14976	GAK_HUMAN	GAK	Cyclin-G-associated kinase	3.42E+07	3.07E+07	4.73E+07	1.74E+07	3.46E+07	1.78E+07	1.88E+07	918102	1.78E+07	1.32E+07	1.63E+07	7711543	9143733	6939761.5	1.15E+07	2057028.6	5	3	3	1	0.283712887	-0.407612361	0.153768771	-0.38250601
sp|O14979|HNRDL_HUMAN	O14979	HNRDL_HUMAN	HNRNPDL	Heterogeneous nuclear ribonucleoprotein D-like	2.74E+07	2.32E+08	7.49E+07	1.84E+08	3.22E+07	1.88E+08	7.09E+07	2.10E+08	3.09E+07	7.69E+07	3.30E+07	6.87E+07	2.86E+07	5.97E+07	3.30E+07	7.10E+07	2	4	4	4	0.648143976	-0.06769136	0.080637017	0.452848597
sp|O14980|XPO1_HUMAN	O14980	XPO1_HUMAN	XPO1	Exportin-1	1.69E+08	7.14E+08	1.56E+08	7.90E+08	1.53E+08	6.50E+08	1.28E+08	4.92E+08	4.55E+07	9.21E+07	3.38E+07	1.41E+08	3.46E+07	7.74E+07	2.70E+07	8.33E+07	10	21	8	20	-0.040659525	-0.012893232	-0.322114367	-0.422972457
sp|O14981|BTAF1_HUMAN	O14981	BTAF1_HUMAN	BTAF1	TATA-binding protein-associated factor 172	2.34E+07		2219192.8		2.23E+07		2395562.5										2	0	1	0	-0.073903849		0.236130788	
sp|O15016|TRI66_HUMAN	O15016	TRI66_HUMAN	TRIM66	Tripartite motif-containing protein 66	7059163				6419482												1	0	0	0	0.131344365			
sp|O15027|SC16A_HUMAN	O15027	SC16A_HUMAN	SEC16A	Protein transport protein Sec16A	5.94E+08	1.42E+07	8.16E+08	5.05E+07	4.35E+08	3186144.8	5.40E+08	3.24E+07	5.10E+07	4648602.5	5.61E+07	1.09E+07	2.88E+07	6188038.5	3.69E+07	6248431.5	26	2	26	7	-0.346111743	-0.216681564	-0.585805525	-0.356104142
sp|O15031|PLXB2_HUMAN	O15031	PLXB2_HUMAN	PLXNB2	Plexin-B2				682594													0	0	0	0				
sp|O15042|SR140_HUMAN	O15042	SR140_HUMAN	U2SURP	U2 snRNP-associated SURP motif-containing protein	2.68E+07	1.42E+08	3.92E+07	1.41E+08	1.94E+07	1.32E+08	4.12E+07	1.06E+08	2.04E+07	2.79E+07	2.01E+07	2.20E+07	2.26E+07	2.30E+07	1.86E+07	1.78E+07	2	11	2	9	-0.15873427	0.022067805	-0.724423523	-0.090080849
sp|O15047|SET1A_HUMAN	O15047	SET1A_HUMAN	SETD1A	Histone-lysine N-methyltransferase SETD1A	2052674.4	3476440.5	1.61E+07		1517463.5	2936949.5	2.28E+07										1	1	2	0	-0.167458333	-0.037755976	0.90460262	
sp|O15049|N4BP3_HUMAN	O15049	N4BP3_HUMAN	N4BP3	NEDD4-binding protein 3			3018037.5				1.70E+07										0	0	1	0			1.276820701	
sp|O15050|TRNK1_HUMAN	O15050	TRNK1_HUMAN	TRANK1	TPR and ankyrin repeat-containing protein 1	7793336		5.02E+07														0	0	0	0				
sp|O15062|ZBTB5_HUMAN	O15062	ZBTB5_HUMAN	ZBTB5	Zinc finger and BTB domain-containing protein 5	9013930				6704099.5												1	0	0	0	-0.623296882			
sp|O15067|PUR4_HUMAN	O15067	PUR4_HUMAN	PFAS	Phosphoribosylformylglycinamidine synthase	2.17E+07	1.57E+08	1.91E+07	2.35E+08	2.22E+07	1.45E+08	2.62E+07	1.55E+08	1.32E+07	5.84E+07	1.28E+07	4.52E+07	1.33E+07	5.00E+07	1.70E+07	3.32E+07	2	8	2	13	0.321800816	-0.08803854	0.626161791	-0.585673827
sp|O15078|CE290_HUMAN	O15078	CE290_HUMAN	CEP290	Centrosomal protein of 290 kDa	2.02E+07																0	0	0	0				
sp|O15084|ANR28_HUMAN	O15084	ANR28_HUMAN	ANKRD28	Serine/threonine-protein phosphatase 6 regulatory ankyrin repeat subunit A	8.31E+07		6.15E+07		7.24E+07		5.28E+07		3.12E+07		3.01E+07		2.66E+07		2.66E+07		7	0	3	0	-0.18164839		-0.308453279	
sp|O15091|MRPP3_HUMAN	O15091	MRPP3_HUMAN	PRORP	Mitochondrial ribonuclease P catalytic subunit		1.19E+07		9792924				7345139		1.19E+07		8158760					0	0	0	2				-0.255370045
sp|O15111|IKKA_HUMAN	O15111	IKKA_HUMAN	CHUK	Inhibitor of nuclear factor kappa-B kinase subunit alpha		6504829			2542132.5	9892449											0	1	0	0		-1.581970145		
sp|O15116|LSM1_HUMAN	O15116	LSM1_HUMAN	LSM1	U6 snRNA-associated Sm-like protein LSm1		8922082		7327650		9874322		8314658		6495534.5		6081666.5		6784721		6200544.5	0	2	0	2		0.50995152		0.477130377
sp|O15121|DEGS1_HUMAN	O15121	DEGS1_HUMAN	DEGS1	Sphingolipid delta(4)-desaturase DES1						8390697		1.40E+07						8390697		1.40E+07	0	0	0	0				
sp|O15126|SCAM1_HUMAN	O15126	SCAM1_HUMAN	SCAMP1	Secretory carrier-associated membrane protein 1		2.87E+07		4.64E+07		1.90E+07		2.95E+07		1.83E+07		1.91E+07		1.40E+07		1.43E+07	0	2	0	3		-0.399385639		-0.794281336
sp|O15127|SCAM2_HUMAN	O15127	SCAM2_HUMAN	SCAMP2	Secretory carrier-associated membrane protein 2		1.50E+07	7803472.5	4938061		1.12E+07	8954833	4679538			7803472.5	4938061			8954833	4679538	0	2	1	1		-0.210555119	-0.101411985	0.130053216
sp|O15143|ARC1B_HUMAN	O15143	ARC1B_HUMAN	ARPC1B	Actin-related protein 2/3 complex subunit 1B	2.31E+07	6.34E+07	2.60E+07	9.56E+07	2.36E+07	4.50E+07	2.28E+07	1.28E+08	2.31E+07	3.65E+07	2.60E+07	5.55E+07	2.51E+07	4.12E+07	2.43E+07	5.18E+07	1	3	1	4	0.297228382	0.160871867	-0.379966702	-0.167578439
sp|O15144|ARPC2_HUMAN	O15144	ARPC2_HUMAN	ARPC2	Actin-related protein 2/3 complex subunit 2		6.94E+07		4.67E+07		6.88E+07		5.36E+07		2.62E+07		3.35E+07		2.14E+07		2.01E+07	0	4	0	3		0.085885369		0.087809697
sp|O15145|ARPC3_HUMAN	O15145	ARPC3_HUMAN	ARPC3	Actin-related protein 2/3 complex subunit 3	9.32E+07	5.13E+07	3.35E+07	3.86E+07	6.90E+07	3.13E+07	2.55E+07	3.69E+07	3.42E+07	4.23E+07	3.11E+07	3.17E+07	2.74E+07	2.72E+07	2.40E+07	3.08E+07	2	2	2	2	-0.338824783	-0.485540096	-0.356211343	0.092158787
sp|O15160|RPAC1_HUMAN	O15160	RPAC1_HUMAN	POLR1C	DNA-directed RNA polymerases I and III subunit RPAC1	2.33E+08	9.62E+07	2.44E+08	1.14E+08	2.04E+08	8.05E+07	2.57E+08	8.74E+07	4.62E+07	3.99E+07	4.62E+07	3.52E+07	3.95E+07	3.32E+07	4.70E+07	2.90E+07	8	4	9	6	-0.076203586	-0.042168528	0.243501698	-0.036801383
sp|O15164|TIF1A_HUMAN	O15164	TIF1A_HUMAN	TRIM24	Transcription intermediary factor 1-alpha		4489625.5		2.54E+07		4301844.5		1.02E+07		5090227.5		7853738.5		4301844.5		5735264	0	1	0	2		0.143896713		-0.288377309
sp|O15173|PGRC2_HUMAN	O15173	PGRC2_HUMAN	PGRMC2	Membrane-associated progesterone receptor component 2	9.34E+07	4.54E+07	6.50E+07	4.93E+07	7.31E+07	3.42E+07	4.59E+07	3.82E+07	4.16E+07	2.76E+07	3.96E+07	2.93E+07	3.12E+07	2.10E+07	2.80E+07	2.30E+07	3	2	2	2	-0.490504178	-0.202308439	-0.518804446	-0.168136197
sp|O15182|CETN3_HUMAN	O15182	CETN3_HUMAN	CETN3	Centrin-3	1.07E+07				6410181												1	0	0	0	-0.695551635			
sp|O15198|SMAD9_HUMAN	O15198	SMAD9_HUMAN	SMAD9	Mothers against decapentaplegic homolog 9	2.75E+07			3.20E+07				4.08E+07									0	0	0	1				0.554757438
sp|O15212|PFD6_HUMAN	O15212	PFD6_HUMAN	PFDN6	Prefoldin subunit 6	3.78E+07	1.47E+07	2.43E+07		3.06E+07	1.11E+07	3.08E+07										2	1	1	0	-0.03225913	-0.208623758	0.466491053	
sp|O15213|WDR46_HUMAN	O15213	WDR46_HUMAN	WDR46	WD repeat-containing protein 46		1265348.9	1.56E+07	6271423		709488.5	1.53E+07	1.05E+07									0	1	1	1		-0.629147559	-0.041492168	0.027226282
sp|O15226|NKRF_HUMAN	O15226	NKRF_HUMAN	NKRF	NF-kappa-B-repressing factor	2.95E+08	2.74E+07	2.02E+08	6.49E+07	2.21E+08	2.46E+07	2.05E+08	6.94E+07	5.42E+07	1.34E+07	5.11E+07	1.90E+07	4.41E+07	8699109	4.41E+07	1.66E+07	9	4	9	8	-0.106612826	-0.322839903	-0.016941041	0.084244413
sp|O15228|GNPAT_HUMAN	O15228	GNPAT_HUMAN	GNPAT	Dihydroxyacetone phosphate acyltransferase	2277098.2				1994242												1	0	0	0	0.077028537			
sp|O15234|CASC3_HUMAN	O15234	CASC3_HUMAN	CASC3	Protein CASC3	8.11E+07		1.03E+08		6.15E+07		9.36E+07		2.96E+07		3.53E+07		2.70E+07		5.08E+07		4	0	4	0	-0.136716988		-0.097473282	
sp|O15235|RT12_HUMAN	O15235	RT12_HUMAN	MRPS12	Small ribosomal subunit protein uS12m	2.20E+07		6.04E+07		1.66E+07		2.70E+07										1	0	1	0	-0.559864089		-1.145490563	
sp|O15247|CLIC2_HUMAN	O15247	CLIC2_HUMAN	CLIC2	Chloride intracellular channel protein 2	2100102	1.41E+08	2.52E+07	1.31E+08	1719155.6	7.50E+07	7078633	8.68E+07		7.10E+07	1.61E+07	4.71E+07		4.55E+07	7078633	2.87E+07	1	5	1	8	-0.020374729	-0.628934708	-0.550576191	-0.285384241
sp|O15258|RER1_HUMAN	O15258	RER1_HUMAN	RER1	Protein RER1		4861539.5		1.29E+07		3916518.5		8998306		4861539.5		1.29E+07		3916518.5		8998306	0	1	0	1		-0.035001905		-0.311472409
sp|O15260|SURF4_HUMAN	O15260	SURF4_HUMAN	SURF4	Surfeit locus protein 4	5.47E+07	4.36E+07	4.41E+07	2.30E+07	3.74E+07	3.44E+07	4.51E+07	2.30E+07	3.24E+07	2.59E+07	2.63E+07	2.30E+07	2.33E+07	2.15E+07	2.82E+07	2.30E+07	2	2	2	1	-0.604358249	-0.176735489	-0.054597968	0.211134763
sp|O15269|SPTC1_HUMAN	O15269	SPTC1_HUMAN	SPTLC1	Serine palmitoyltransferase 1	5.76E+07	1.35E+08	9.31E+07	6.60E+07	4.78E+07	1.09E+08	8.29E+07	4.01E+07	5.63E+07	4.60E+07	5.04E+07	3.94E+07	5.37E+07	2.48E+07	4.29E+07	2.55E+07	2	4	3	4	0.170301171	-0.013238832	0.183615984	-0.385281851
sp|O15270|SPTC2_HUMAN	O15270	SPTC2_HUMAN	SPTLC2	Serine palmitoyltransferase 2		1.31E+07				1.57E+07											0	2	0	0		0.653496215		
sp|O15294|OGT1_HUMAN	O15294	OGT1_HUMAN	OGT	UDP-N-acetylglucosamine--peptide N-acetylglucosaminyltransferase 110 kDa subunit	8.03E+07	6258782.5	4.18E+07	4.51E+07	8.56E+07	9189383	6.60E+07	2.67E+07	1.27E+07	1.39E+07	1.16E+07	2.56E+07	1.89E+07	1.69E+07	2.55E+07	1.88E+07	6	1	3	6	0.448771715	0.745942749	0.269339824	-0.54555689
sp|O15305|PMM2_HUMAN	O15305	PMM2_HUMAN	PMM2	Phosphomannomutase 2		4947381.5				4949230.5											0	1	0	0		0.206075503		
sp|O15318|RPC7_HUMAN	O15318	RPC7_HUMAN	POLR3G	DNA-directed RNA polymerase III subunit RPC7	1.50E+07																0	0	0	0				
sp|O15347|HMGB3_HUMAN	O15347	HMGB3_HUMAN	HMGB3	High mobility group protein B3	9763444	2.63E+08	2.39E+07	1.88E+08	6369508	1.91E+08	2.41E+07	1.23E+08	1.07E+07	6.75E+07	2.97E+07	7.46E+07	7183609	5.03E+07	2.76E+07	4.90E+07	1	5	1	4	-0.812392512	-0.341901814	-0.184061756	-0.429556237
sp|O15355|PPM1G_HUMAN	O15355	PPM1G_HUMAN	PPM1G	Protein phosphatase 1G		1.65E+08	1.42E+07	2.48E+08		1.28E+08	1.34E+07	4.09E+08		4.37E+07	1.24E+07	5.50E+07		6.52E+07	2.29E+07	6.74E+07	0	9	1	10		-0.031036393	0.637544257	-0.022233956
sp|O15357|SHIP2_HUMAN	O15357	SHIP2_HUMAN	INPPL1	"Phosphatidylinositol 3,4,5-trisphosphate 5-phosphatase 2"	8.59E+07	1980297.8	1.41E+08	6342502	8.93E+07	2251199.2	1.40E+08	9573960	7610815.5	1.14E+07	1.17E+07	1.11E+07	1.11E+07	1.36E+07	2.25E+07	6082258	7	1	7	2	0.320010286	0.390512844	0.01491918	-0.565537384
sp|O15360|FANCA_HUMAN	O15360	FANCA_HUMAN	FANCA	Fanconi anemia group A protein	1388090.2				990341												1	0	0	0	-0.218719432			
sp|O15371|EIF3D_HUMAN	O15371	EIF3D_HUMAN	EIF3D	Eukaryotic translation initiation factor 3 subunit D	3.33E+08	3.56E+08	2.38E+08	2.73E+08	2.10E+08	2.57E+08	2.45E+08	2.43E+08	8.29E+07	5.87E+07	6.88E+07	5.82E+07	5.21E+07	3.86E+07	5.37E+07	4.43E+07	9	11	9	9	-0.109911245	-0.144188038	0.085372337	0.159390933
sp|O15372|EIF3H_HUMAN	O15372	EIF3H_HUMAN	EIF3H	Eukaryotic translation initiation factor 3 subunit H	1.65E+08	2.26E+08	2.02E+08	3.18E+08	1.25E+08	1.78E+08	2.09E+08	2.03E+08	4.30E+07	6.12E+07	4.01E+07	8.34E+07	4.01E+07	4.87E+07	5.35E+07	6.69E+07	6	7	7	6	-0.272787164	-0.133065021	0.380056119	0.121013287
sp|O15379|HDAC3_HUMAN	O15379	HDAC3_HUMAN	HDAC3	Histone deacetylase 3	1.33E+07				1.11E+07												1	0	0	0	-0.215274882			
sp|O15381|NVL_HUMAN	O15381	NVL_HUMAN	NVL	Nuclear valosin-containing protein-like	9.89E+07	1.31E+07	8.63E+07	1.70E+07	8.74E+07	2.56E+07	1.06E+08	1.58E+07	2.83E+07	6976862	2.37E+07	8576626	3.02E+07	1.01E+07	2.98E+07	1.16E+07	4	3	5	2	-0.06250662	0.139415976	0.051918894	0.190613542
sp|O15382|BCAT2_HUMAN	O15382	BCAT2_HUMAN	BCAT2	"Branched-chain-amino-acid aminotransferase, mitochondrial"		2.08E+07		1.47E+07		1.37E+07		9670136		6809752		1.13E+07		6086564		8638573	0	3	0	2		-0.582205424		-0.507985948
sp|O15392|BIRC5_HUMAN	O15392	BIRC5_HUMAN	BIRC5	Baculoviral IAP repeat-containing protein 5	3428775.2				1734660.6												1	0	0	0	-0.714655302			
sp|O15397|IPO8_HUMAN	O15397	IPO8_HUMAN	IPO8	Importin-8	2.20E+07	4.52E+07	1.63E+07	3.32E+07	2.25E+07	4.11E+07	1.28E+07	2.28E+07	1.61E+07	1.58E+07	2.40E+07	1.65E+07	1.35E+07	1.47E+07	1.59E+07	1.17E+07	2	3	1	2	0.192699751	0.321563842	-0.216416149	-0.283586669
sp|O15400|STX7_HUMAN	O15400	STX7_HUMAN	STX7	Syntaxin-7		3.40E+07		2.22E+07		4.86E+07	9916485	1.12E+07		8720170		1.13E+07		1.11E+07	1.33E+07	6322740	0	4	0	2		0.460747726		-0.551013952
sp|O15417|TNC18_HUMAN	O15417	TNC18_HUMAN	TNRC18	Trinucleotide repeat-containing gene 18 protein	1.13E+07		1362746.4		9986672												1	0	0	0	-0.137669136			
sp|O15431|COPT1_HUMAN	O15431	COPT1_HUMAN	SLC31A1	High affinity copper uptake protein 1		3986305.8		3641187		1800613.6		2948656		3986305.8		3641187		1800613.6		2948656	0	1	0	1		-0.941027308		-0.09671958
sp|O15439|MRP4_HUMAN	O15439	MRP4_HUMAN	ABCC4	ATP-binding cassette sub-family C member 4		1070234				2518853.8	1.18E+07										0	1	0	0		-0.025685593		
sp|O15446|RPA34_HUMAN	O15446	RPA34_HUMAN	POLR1G	DNA-directed RNA polymerase I subunit RPA34	5.86E+07	1.05E+07	1.97E+08	1.78E+07	3.65E+07	7742996	1.23E+08	2.05E+07	2.14E+07	1.19E+07	3.98E+07	1.16E+07	1.24E+07	7279765	2.78E+07	8551186	4	2	7	2	-1.039802538	-0.062366697	-0.851074246	-0.527133494
sp|O15460|P4HA2_HUMAN	O15460	P4HA2_HUMAN	P4HA2	Prolyl 4-hydroxylase subunit alpha-2							9005301	1.10E+07									0	0	0	0				
sp|O15479|MAGB2_HUMAN	O15479	MAGB2_HUMAN	MAGEB2	Melanoma-associated antigen B2	6.26E+08	5.18E+07	5.51E+08	8.46E+07	5.30E+08	5.45E+07	4.94E+08	5.51E+07	1.12E+08	1.85E+07	1.04E+08	2.03E+07	1.04E+08	2.28E+07	9.57E+07	1.65E+07	12	4	11	5	0.038317088	0.36320084	-0.017564991	-0.187660496
sp|O15498|YKT6_HUMAN	O15498	YKT6_HUMAN	YKT6	Synaptobrevin homolog YKT6		2.21E+07		5.54E+07		1.16E+07		5.02E+07		2.76E+07		1.74E+07		1.75E+07		1.34E+07	0	1	0	4		-0.713741817		0.174321835
sp|O15504|NUP42_HUMAN	O15504	NUP42_HUMAN	NUP42	Nucleoporin NUP42	5.01E+07	2605215.2	9.95E+07	1745520	3.72E+07	1630036.5	3.29E+08	1241990	2.40E+07	3200044.2	2.84E+07	2144061.2	2.94E+07	3212097.8	3.89E+07	2447425.8	4	1	6	1	-0.357375002	-0.47096179	0.092009462	-0.283371551
sp|O15530|PDPK1_HUMAN	O15530	PDPK1_HUMAN	PDPK1	3-phosphoinositide-dependent protein kinase 1			5.79E+07														0	0	0	0				
sp|O15541|R113A_HUMAN	O15541	R113A_HUMAN	RNF113A	E3 ubiquitin-protein ligase RNF113A	3.55E+07	3801623			2.52E+07	3169273											1	1	0	0	-0.226045729	-0.056927064		
sp|O43143|DHX15_HUMAN	O43143	DHX15_HUMAN	DHX15	ATP-dependent RNA helicase DHX15	2.82E+07	5.46E+08	3561001	5.25E+08	2.33E+07	3.76E+08		4.20E+08	1.47E+07	1.24E+08		1.01E+08	1.30E+07	5.04E+07		5.83E+07	3	21	0	22	-0.069336872	-0.489185539		0.050350799
sp|O43148|MCES_HUMAN	O43148	MCES_HUMAN	RNMT	mRNA cap guanine-N(7) methyltransferase		3.37E+07	3.46E+07	1.09E+07		2.63E+07	2.94E+07	1.03E+07		1.58E+07		1.44E+07		1.27E+07		1.39E+07	0	3	1	2		-0.212424861	-0.107459452	-0.031702939
sp|O43149|ZZEF1_HUMAN	O43149	ZZEF1_HUMAN	ZZEF1	Zinc finger ZZ-type and EF-hand domain-containing protein 1	7724249.5	1884599.4		1026354	8132321	1459836.1		679719		1884599.4		1026354		1459836.1		679719	1	1	0	1	0.807225968	-0.162915013		-0.386886269
sp|O43151|TET3_HUMAN	O43151	TET3_HUMAN	TET3	Methylcytosine dioxygenase TET3	2566946				3223094												1	0	0	0	0.596777959			
sp|O43159|RRP8_HUMAN	O43159	RRP8_HUMAN	RRP8	Ribosomal RNA-processing protein 8	4.74E+07	2.45E+07	5.88E+07	4.67E+07	3.74E+07	2.11E+07	4.99E+07	2.59E+07	2.54E+07	1.68E+07	3.76E+07	2.36E+07	1.97E+07	1.31E+07	3.17E+07	1.28E+07	3	3	2	3	0.110085527	0.068667425	-0.125285357	-0.605068259
sp|O43164|PJA2_HUMAN	O43164	PJA2_HUMAN	PJA2	E3 ubiquitin-protein ligase Praja-2	7501751.5		1.09E+07				1.57E+07										0	0	1	0			0.649989869	
sp|O43169|CYB5B_HUMAN	O43169	CYB5B_HUMAN	CYB5B	Cytochrome b5 type B	1.03E+07	1.87E+07	8381573	3.34E+07	5124768	1.36E+07	4877828	2.88E+07	1.76E+07	1.09E+07	1.44E+07	1.45E+07	8268068	8404330	7869666.5	1.29E+07	1	1	1	2	-1.422284477	-0.235724297	-0.655180812	0.038638411
sp|O43172|PRP4_HUMAN	O43172	PRP4_HUMAN	PRPF4	U4/U6 small nuclear ribonucleoprotein Prp4	1.16E+08	2.89E+07	1.34E+08	1.08E+07	9.53E+07	6665743.5	1.05E+08	9.01E+07	2.48E+07	2.38E+07	2.44E+07	8738094	2.97E+07	1.74E+07	2.49E+07	2.85E+07	5	1	6	2	0.077959354	-0.374332812	-0.218776231	2.230385388
sp|O43175|SERA_HUMAN	O43175	SERA_HUMAN	PHGDH	D-3-phosphoglycerate dehydrogenase	4.97E+08	1.03E+09	6.44E+08	1.15E+09	5.60E+08	8.31E+08	6.98E+08	6.47E+08	6.96E+07	1.12E+08	7.79E+07	1.46E+08	8.18E+07	9.81E+07	8.55E+07	8.56E+07	14	15	15	16	0.497374516	-0.157831309	0.175918383	-0.653719594
sp|O43181|NDUS4_HUMAN	O43181	NDUS4_HUMAN	NDUFS4	"NADH dehydrogenase [ubiquinone] iron-sulfur protein 4, mitochondrial"				2.47E+07				1.40E+07									0	0	0	1				-0.607960919
sp|O43182|RHG06_HUMAN	O43182	RHG06_HUMAN	ARHGAP6	Rho GTPase-activating protein 6	2.52E+07	1780388.9	1.33E+07	5608959	2.86E+07	1323081.6	7897763.5	4792881		4870832.5	9535334	1863522.4		4288868.5	6571313	1520279.8	3	1	1	3	0.428137105	-0.222753847	-0.629997699	-0.304782566
sp|O43236|SEPT4_HUMAN	O43236	SEPT4_HUMAN	SEPTIN4	Septin-4		5556796		5925424		6542451		3306991		5556796		5925424		6542451		3306991	0	1	0	1		0.441114377		-0.633767471
sp|O43237|DC1L2_HUMAN	O43237	DC1L2_HUMAN	DYNC1LI2	Cytoplasmic dynein 1 light intermediate chain 2	1.21E+07	1.06E+07	2.89E+07	4333644	1.50E+07	5952245	1.99E+07	5633894	1.21E+07	6305201	1.56E+07	4333644	1.50E+07	3851488	1.23E+07	5633894	1	2	2	1	0.578590762	-0.637872673	-0.97790816	0.586183564
sp|O43242|PSMD3_HUMAN	O43242	PSMD3_HUMAN	PSMD3	26S proteasome non-ATPase regulatory subunit 3	1.50E+09	7.64E+08	8.68E+08	9.12E+08	2.16E+09	5.69E+08	2.18E+09	7.97E+08	2.56E+08	1.39E+08	1.55E+08	1.63E+08	4.78E+08	2.68E+08	3.99E+08	3.70E+08	28	19	20	19	-0.082211426	-0.256979717	0.105307946	0.031924368
sp|O43251|RFOX2_HUMAN	O43251	RFOX2_HUMAN	RBFOX2	RNA binding protein fox-1 homolog 2		7224497	1.01E+07			3296961	1.35E+07										0	1	1	0		-0.854920844	0.880773056	
sp|O43252|PAPS1_HUMAN	O43252	PAPS1_HUMAN	PAPSS1	Bifunctional 3'-phosphoadenosine 5'-phosphosulfate synthase 1		4.34E+07		3.34E+07		1.74E+07		1.68E+07		3.10E+07		3.34E+07		1.74E+07		1.68E+07	0	1	0	1		-0.628860493		-0.783065983
sp|O43257|ZNHI1_HUMAN	O43257	ZNHI1_HUMAN	ZNHIT1	Zinc finger HIT domain-containing protein 1		5119528.5	1.19E+07	4539771			9799844			5119528.5	1.19E+07	4539771					0	0	1	0			-0.48659355	
sp|O43264|ZW10_HUMAN	O43264	ZW10_HUMAN	ZW10	Centromere/kinetochore protein zw10 homolog	5.90E+07	1.38E+07	3.55E+07	3.65E+07	4.52E+07	1.55E+07	2.63E+07	7.66E+07	1.50E+07	3.81E+07	1.16E+07	1.39E+07	1.14E+07	3.05E+07	9100424	2.38E+07	5	2	3	4	-0.016885854	0.65531814	-0.215342567	-0.222015383
sp|O43290|SNUT1_HUMAN	O43290	SNUT1_HUMAN	SART1	U4/U6.U5 tri-snRNP-associated protein 1	1.45E+07	1.56E+07	2.76E+07	4.48E+07	1.20E+07	1.32E+07	4.09E+07	5.51E+07		1.68E+07	1.88E+07	1.55E+07	2.25E+07	1.38E+07	1.62E+07	1.40E+07	1	1	3	3	-0.118726981	-0.039528772	0.444388314	0.090901989
sp|O43292|GPAA1_HUMAN	O43292	GPAA1_HUMAN	GPAA1	GPI-anchor transamidase component GPAA1			5755439.5	1.37E+07		2712406.2	1.69E+07	2.96E+07			7902723	6499133.5			1.69E+07	2.43E+07	0	0	1	2			2.580679594	1.012614562
sp|O43299|AP5Z1_HUMAN	O43299	AP5Z1_HUMAN	AP5Z1	AP-5 complex subunit zeta-1	857243.3		4840229		409982.1		5613622.5										1	0	1	0	-0.795759191		0.339658057	
sp|O43303|CP110_HUMAN	O43303	CP110_HUMAN	CCP110	Centriolar coiled-coil protein of 110 kDa	4.00E+07		3.11E+07		8.87E+07				1.87E+07		3.11E+07						1	0	0	0	1.618813986			
sp|O43314|VIP2_HUMAN	O43314	VIP2_HUMAN	PPIP5K2	Inositol hexakisphosphate and diphosphoinositol-pentakisphosphate kinase 2		2.48E+07		2.14E+07		2.26E+07		1.91E+07		7548271		7218361.5		1.10E+07		8023779	0	4	0	4		-0.023533235		-0.414584451
sp|O43318|M3K7_HUMAN	O43318	M3K7_HUMAN	MAP3K7	Mitogen-activated protein kinase kinase kinase 7	1.01E+07		1.62E+07	3205187	1.08E+07		1.29E+07	4559721	1.01E+07		1.62E+07	3205187	1.08E+07		1.29E+07	4559721	1	0	1	1	0.139979983		-0.53669282	0.716168768
sp|O43324|MCA3_HUMAN	O43324	MCA3_HUMAN	EEF1E1	Eukaryotic translation elongation factor 1 epsilon-1	2.66E+08	7.82E+07	1.54E+08	6.41E+07	2.34E+08	8.07E+07	1.46E+08	1.42E+08	6.18E+07	3.68E+07	4.64E+07	4.42E+07	6.98E+07	5.20E+07	5.36E+07	6.06E+07	6	3	5	2	-0.015424808	0.182930881	0.009379519	-0.067345257
sp|O43379|WDR62_HUMAN	O43379	WDR62_HUMAN	WDR62	WD repeat-containing protein 62	3.07E+07	2855140.5	2.71E+07		2.77E+07	5498699.5	1.25E+07	1290002	1.33E+07	3526410.5	1.16E+07		1.13E+07	5498699.5	1.25E+07	1290002	3	1	1	0	0.110676927	1.079762039	0.876252911	
sp|O43390|HNRPR_HUMAN	O43390	HNRPR_HUMAN	HNRNPR	Heterogeneous nuclear ribonucleoprotein R	3.52E+08	1.39E+09	3.51E+08	1.09E+09	2.89E+08	9.94E+08	3.29E+08	9.35E+08	7.88E+07	2.91E+08	7.46E+07	2.52E+08	8.02E+07	2.20E+08	8.61E+07	2.21E+08	16	19	12	21	-0.250451497	-0.377565551	-0.19346623	-0.067767983
sp|O43395|PRPF3_HUMAN	O43395	PRPF3_HUMAN	PRPF3	U4/U6 small nuclear ribonucleoprotein Prp3	1.27E+08	1.01E+08	1.49E+08	5.67E+07	1.02E+08	6.97E+07	1.32E+08	6.11E+07	2.49E+07	2.42E+07	2.17E+07	2.16E+07	2.52E+07	2.02E+07	2.91E+07	2.58E+07	7	8	8	7	0.048187716	-0.516538663	-0.198228074	-0.091311828
sp|O43396|TXNL1_HUMAN	O43396	TXNL1_HUMAN	TXNL1	Thioredoxin-like protein 1	9.26E+07	1.31E+08	5.92E+07	7.49E+07	1.16E+08	8.77E+07	5.34E+07	6.24E+07	4.87E+07	3.81E+07	3.97E+07	3.78E+07	4.68E+07	2.42E+07	4.60E+07	3.73E+07	4	8	2	4	-0.551846337	-0.303859351	0.020699508	0.057050515
sp|O43399|TPD54_HUMAN	O43399	TPD54_HUMAN	TPD52L2	Tumor protein D54		1.05E+08		1.03E+08		8.70E+07		7.25E+07		6.64E+07		6.80E+07		4.92E+07		4.24E+07	0	4	0	4		0.212762447		-0.528607714
sp|O43402|EMC8_HUMAN	O43402	EMC8_HUMAN	EMC8	ER membrane protein complex subunit 8				4777147				8292870									0	0	0	1				0.277381777
sp|O43422|P52K_HUMAN	O43422	P52K_HUMAN	THAP12	52 kDa repressor of the inhibitor of the protein kinase	1.86E+07			1945791	1.85E+07			1248628									1	0	0	1	0.507905503			-0.432381322
sp|O43426|SYNJ1_HUMAN	O43426	SYNJ1_HUMAN	SYNJ1	Synaptojanin-1	6938498	923053.2		2.40E+07	7047665.5	451841.06											1	1	0	0	0.290906518	-0.825061933		
sp|O43427|FIBP_HUMAN	O43427	FIBP_HUMAN	FIBP	Acidic fibroblast growth factor intracellular-binding protein				3945761				9569431									0	0	0	1				1.485761308
sp|O43432|IF4G3_HUMAN	O43432	IF4G3_HUMAN	EIF4G3	Eukaryotic translation initiation factor 4 gamma 3		4.70E+07	1.15E+07	1.31E+07		1.07E+07	1.19E+07	236313									0	1	1	1		-2.4258151	-0.150293273	-0.1583152
sp|O43447|PPIH_HUMAN	O43447	PPIH_HUMAN	PPIH	Peptidyl-prolyl cis-trans isomerase H	2.31E+07	2.26E+08	2.73E+07	2.02E+08	2.18E+07	1.35E+08	2.78E+07	1.75E+08	2.15E+07	6.92E+07	1.71E+07	6.39E+07	1.70E+07	2.76E+07	2.38E+07	5.29E+07	3	6	2	7	-0.32963737	-0.491111183	-0.099558322	-0.149957411
sp|O43464|HTRA2_HUMAN	O43464	HTRA2_HUMAN	HTRA2	"Serine protease HTRA2, mitochondrial"		1.47E+07		9996738		2.13E+07		6106018		1.07E+07		9996738		1.30E+07		6106018	0	2	0	1		0.402485855		-0.503593797
sp|O43482|MS18B_HUMAN	O43482	MS18B_HUMAN	OIP5	Protein Mis18-beta	3005337.5				893979.3												1	0	0	0	-1.480829058			
sp|O43488|ARK72_HUMAN	O43488	ARK72_HUMAN	AKR7A2	Aflatoxin B1 aldehyde reductase member 2		1.37E+08		2.24E+08		1.24E+08		1.71E+08		9.06E+07		8.77E+07		9.06E+07		5.27E+07	0	4	0	7		0.182715565		-0.462937425
sp|O43491|E41L2_HUMAN	O43491	E41L2_HUMAN	EPB41L2	Band 4.1-like protein 2		1.41E+07		5.23E+07		1.23E+07		3.45E+07		7024082		9974786		4873051.5		6363153.5	0	4	0	7		0.020574862		-0.196450963
sp|O43493|TGON2_HUMAN	O43493	TGON2_HUMAN	TGOLN2	Trans-Golgi network integral membrane protein 2				4481345				1520768									0	0	0	1				-1.351499942
sp|O43566|RGS14_HUMAN	O43566	RGS14_HUMAN	RGS14	Regulator of G-protein signaling 14			1388297.4	770578			629268.06				1388297.4	770578					0	0	1	0			-1.015768601	
sp|O43583|DENR_HUMAN	O43583	DENR_HUMAN	DENR	Density-regulated protein		3.57E+07		4.37E+07		3.71E+07		4.48E+07		1.22E+07		1.78E+07		9047307		2.54E+07	0	5	0	3		-0.239709031		0.223797697
sp|O43592|XPOT_HUMAN	O43592	XPOT_HUMAN	XPOT	Exportin-T	1617761	7.92E+07	1.10E+07	9.52E+07	1279032.9	6.93E+08	1.10E+07	5.02E+08	1.89E+07	1.62E+07	8988758	1.92E+07	1.22E+08	8.94E+07	6.21E+07	1.21E+08	1	4	1	5	-0.070560606	0.032814698	0.128690539	-0.166575229
sp|O43615|TIM44_HUMAN	O43615	TIM44_HUMAN	TIMM44	Mitochondrial import inner membrane translocase subunit TIM44	3.26E+07	2.52E+08	1.48E+07	3.47E+08	3.35E+07	2.38E+08	1.06E+07	2.08E+08	1.14E+07	6.27E+07	8790618	4.72E+07	1.02E+07	6.55E+07	6995021	3.98E+07	4	10	3	13	0.191528702	0.259111137	-0.567099011	-0.253080649
sp|O43617|TPPC3_HUMAN	O43617	TPPC3_HUMAN	TRAPPC3	Trafficking protein particle complex subunit 3	1.97E+07	9459317	1.35E+07	1.83E+07	1.66E+07	9040682	1.48E+07	2.67E+07	2.01E+07	9281606	1.38E+07	9135322	1.54E+07	1.48E+07	1.38E+07	1.59E+07	1	1	1	2	0.019468918	0.140231994	0.589303671	0.697811029
sp|O43633|CHM2A_HUMAN	O43633	CHM2A_HUMAN	CHMP2A	Charged multivesicular body protein 2a		7.05E+07	327370.8	6.31E+07		6.41E+07	373353.8	5.40E+07		1.36E+07	4945108	1.79E+07		1.20E+07	5146777	1.50E+07	0	3	1	3		0.096305389	0.315419049	0.087235778
sp|O43660|PLRG1_HUMAN	O43660	PLRG1_HUMAN	PLRG1	Pleiotropic regulator 1	1.30E+07	5.52E+07	9183614	2.75E+07	1.20E+07	6.32E+07	2.12E+07	9884413					1.20E+07		1.19E+07		1	2	1	2	0.153689063	-0.231114428	0.14400427	-1.269752252
sp|O43665|RGS10_HUMAN	O43665	RGS10_HUMAN	RGS10	Regulator of G-protein signaling 10				5756202				4606335									0	0	0	1				-0.113866082
sp|O43670|ZN207_HUMAN	O43670	ZN207_HUMAN	ZNF207	BUB3-interacting and GLEBS motif-containing protein ZNF207				3.60E+07				2.29E+07									0	0	0	2				-0.224920094
sp|O43674|NDUB5_HUMAN	O43674	NDUB5_HUMAN	NDUFB5	"NADH dehydrogenase [ubiquinone] 1 beta subcomplex subunit 5, mitochondrial"						7399891											0	0	0	0				
sp|O43676|NDUB3_HUMAN	O43676	NDUB3_HUMAN	NDUFB3	NADH dehydrogenase [ubiquinone] 1 beta subcomplex subunit 3		9397635		1.26E+07		1.34E+07		8665329		9397635		1.26E+07		1.34E+07		8665329	0	1	0	1		0.730183481		-0.327171647
sp|O43678|NDUA2_HUMAN	O43678	NDUA2_HUMAN	NDUFA2	NADH dehydrogenase [ubiquinone] 1 alpha subcomplex subunit 2				6309337				5003315									0	0	0	1				-0.126972339
sp|O43681|GET3_HUMAN	O43681	GET3_HUMAN	GET3	ATPase GET3	5.34E+07	1.13E+07	7.16E+07	1.27E+07	3.69E+07	1.03E+07	5.63E+07	1.04E+07	2.91E+07	1.13E+07	2.16E+07	6494452	2.02E+07	1.03E+07	1.86E+07	5594352	2	1	4	2	-0.692037283	0.07160226	-0.241965617	-0.078926158
sp|O43683|BUB1_HUMAN	O43683	BUB1_HUMAN	BUB1	Mitotic checkpoint serine/threonine-protein kinase BUB1	1.86E+07			3060685	2.79E+07			2661341									2	0	0	1	0.638785432			0.005930622
sp|O43684|BUB3_HUMAN	O43684	BUB3_HUMAN	BUB3	Mitotic checkpoint protein BUB3	9.32E+07	3.75E+08	1.66E+08	5.02E+08	9.65E+07	2.68E+08	9.41E+07	5.12E+08	3.81E+07	8.27E+07	3.49E+07	1.05E+08	3.01E+07	4.88E+07	2.75E+07	8.75E+07	4	12	5	13	0.345952356	-0.277108354	0.01974785	0.290841476
sp|O43707|ACTN4_HUMAN	O43707	ACTN4_HUMAN	ACTN4	Alpha-actinin-4	2.85E+08	2.77E+09	3.93E+08	2.94E+09	2.42E+08	2.27E+09	2.68E+08	2.24E+09	6.32E+07	2.50E+08	6.27E+07	2.61E+08	4.03E+07	1.98E+08	5.08E+07	1.90E+08	12	46	12	46	-0.343797741	-0.136813796	-0.192197236	-0.238878342
sp|O43709|BUD23_HUMAN	O43709	BUD23_HUMAN	BUD23	18S rRNA (guanine-N(7))-methyltransferase	1.77E+07	2.27E+07	1.43E+07	1.46E+07	1.18E+07	1.72E+07	1.31E+07	2.93E+07	1.77E+07	1.34E+07	1.43E+07	1.46E+07	1.18E+07	9263890	1.31E+07	1.59E+07	1	2	1	1	-0.442019714	-0.170635609	-7.02E-04	0.327589243
sp|O43719|HTSF1_HUMAN	O43719	HTSF1_HUMAN	HTATSF1	17S U2 SnRNP complex component HTATSF1	1.54E+07	3.26E+07	6.59E+07	1.54E+07	1.42E+07	2.45E+07	7.90E+07	1.58E+07	1.04E+07	2.72E+07	1.73E+07	8099535.5	1.00E+07	1.99E+07	1.88E+07	6951068.5	2	2	4	4	-0.080741503	-0.22169136	0.524876166	0.432565628
sp|O43747|AP1G1_HUMAN	O43747	AP1G1_HUMAN	AP1G1	AP-1 complex subunit gamma-1	5277622.5	9.24E+07		4.98E+07	4125841.2	3.81E+07		3.34E+07	2.01E+07	1.82E+07		1.37E+07	1.09E+07	1.03E+07		1.01E+07	1	5	0	4	-0.086815222	-0.080487581		0.247961785
sp|O43752|STX6_HUMAN	O43752	STX6_HUMAN	STX6	Syntaxin-6				9698267				6737932									0	0	0	2				0.028244737
sp|O43760|SNG2_HUMAN	O43760	SNG2_HUMAN	SYNGR2	Synaptogyrin-2	1.46E+07	1.28E+07	4.23E+07	2.01E+07	1.31E+07	1.12E+07	3.16E+07	1.27E+07	1.71E+07	7404067.5	2.10E+07	1.74E+07	1.34E+07	5339013	1.70E+07	1.47E+07	1	2	2	1	-0.003536584	0.009077202	-0.415836825	-0.45576469
sp|O43765|SGTA_HUMAN	O43765	SGTA_HUMAN	SGTA	Small glutamine-rich tetratricopeptide repeat-containing protein alpha				5814429				5484073									0	0	0	1				0.123242043
sp|O43766|LIAS_HUMAN	O43766	LIAS_HUMAN	LIAS	"Lipoyl synthase, mitochondrial"				2536892				3417209									0	0	0	1				0.637388142
sp|O43768|ENSA_HUMAN	O43768	ENSA_HUMAN	ENSA	Alpha-endosulfine		1.39E+07		3.60E+07		1.80E+07		2.89E+07		1.39E+07		3.60E+07		1.80E+07		2.89E+07	0	1	0	1		0.557939046		-0.108822811
sp|O43776|SYNC_HUMAN	O43776	SYNC_HUMAN	NARS1	"Asparagine--tRNA ligase, cytoplasmic"	2.65E+07	3.50E+08	1.37E+07	4.67E+08	2.58E+07	2.96E+08	1.58E+07	3.55E+08	1.26E+07	9.88E+07	1.49E+07	8.50E+07	1.52E+07	8.39E+07	1.63E+07	6.91E+07	2	10	1	13	0.229056716	-0.051567216	0.326918566	-0.142176202
sp|O43808|PM34_HUMAN	O43808	PM34_HUMAN	SLC25A17	Peroxisomal membrane protein PMP34	777448.94	7437690		3783652	621383.9	6745049		2802544	777448.94	7437690		3783652	621383.9	6745049		2802544	1	1	0	1	-0.054878445	0.064510748		-0.225410567
sp|O43809|CPSF5_HUMAN	O43809	CPSF5_HUMAN	NUDT21	Cleavage and polyadenylation specificity factor subunit 5	4502993.5	7.54E+07	4541279	1.74E+08	3529565.2	6.57E+07	1.76E+07	1.82E+08	4516265.5	4.45E+07	4554664	3.72E+07	6320746.5	2.13E+07	1.41E+07	2.82E+07	1	5	1	8	-0.083009403	-0.050150657	0.223612981	-0.127815409
sp|O43813|LANC1_HUMAN	O43813	LANC1_HUMAN	LANCL1	Glutathione S-transferase LANCL1		4402508.5		3.53E+07		1.14E+07		1.42E+07		6510767.5		1.27E+07		1.14E+07		7569270	0	1	0	3		1.494092632		0.024210797
sp|O43815|STRN_HUMAN	O43815	STRN_HUMAN	STRN	Striatin	3.84E+07	6.29E+07	4.01E+07	5.65E+07	3.65E+07	6.15E+07	3.46E+07	4.89E+07	1.53E+07	1.14E+07	2.60E+07	1.23E+07	1.41E+07	1.71E+07	1.73E+07	1.57E+07	4	5	3	5	0.207568294	-0.453656006	-0.226701114	-0.45117166
sp|O43818|U3IP2_HUMAN	O43818	U3IP2_HUMAN	RRP9	U3 small nucleolar RNA-interacting protein 2		5.08E+07		6.50E+07		4.11E+07		5.48E+07		2.19E+07		1.93E+07		1.82E+07		2.09E+07	0	4	0	5		-0.035790559		0.233305655